"# Detailed information on the End-User Entitlements CSV, including  relevant use cases, complete schema description and examples,",,,
# is  available here:  http://knowledge.kaltura.com/end-user-entitlements-usage-and-schema-description,,,
"# Note: The submission of the end-user entitlements CSV is enabled only when your account is set to support end-user entitlement, and under categories that were set to have entitlement settings (add entitlements to categories from the KMC integration settings page).",,,
# The CSV should have the following fields for each user record. separated by comma:,,,
"# --  action � Optional -   Kaltura�s numeric value for the action to apply on a specific end-user permission.  Supported action types and their numeric values: values: 1- add(default), 2- update, 3- delete, 6- add or update. Default = add",,,
# --  categoryId - Optional - The kaltura internal and unique identifier of the category. ,,,
# --  categoryReferenceId - Optional -  A possible identifier of the category based on an identifier from an external system that can relate the category to an external entity it represents or related to,,,
# --  userId - Mandatory - The identifier of the end-user to which the category permission should be added/updated/deleted,,,
"# --  permissionLevel  - Optional - The numeric value of the default permission Level the end-users should be granted by default for the category. Supported values:  0=Manager, 1=Moderator, 2=Contributor,3=Member (default). ",,,
"# --  updateMethod - Optional - A indication on how a the  specific end-user permission is updated (  for supporting automatic processes with manual overrides ) . Supported values: 0=Manual, 1=Automatic (default)",,,
"# --  status - Optional -  The status to set for the user permission. Supported values:  1=Active (default), 3=Deactivated (for update actions only)",,,
*action,categoryReferenceId,userId,permissionLevel
1,subcategory11,su1xyz,3
1,subcategory11,su2xyz,3
1,subcategory11,su3xyz,0
1,subcategory12,su1xyz,0
1,subcategory12,su2xyz,2
1,subcategory12,su3xyz,3
