<?xml version="1.0"?>

<!-- 

This is a *generic* example of Kaltura's bulk upload XML. 

To enable more advanced content ingestion options, this example can be extended to include
multiple/custom metadata items, account specific settings, update action and advanced content 
ingestion options (e.g. ingestion of multiple transcoding flavors, multiple thumbnails etc.)


Every item element within this xml represents a single entry created in the publisher account. 
Each entry will be populated with the metadata listed in its item element and the content referenced from it.

When submitted, the bulk upload xml is validated on the Kaltura server. 
The validation includes an inspection of the XML structure, and verification of 
elements' structure and order compliance with Kaltura's bulk upload XSD (XML schema). 
When a validation error is detected, specific error description is avaialble in the 
"Bulk Upload Log" page in the KMC. Access this page through the content tab in the 
KMC main navigation: Content > Uploads Control > Switch to Bulk Upload Log

The commented-out elements within this example are placeholders for some 
advanced/account specific options.  A description of all supported elements and 
attributes, as well as a download of the full bulk upload XML schema are available on Kaltura's XML Schema pages 
at: http://www.kaltura.com/api_v3/xsdDoc/?type=bulkUploadXml.bulkUploadXML
-->



<mrss xmlns:xsd="http://www.w3.org/2001/XMLSchema" xmlns:xsi="http://www.w3.org/2001/XMLSchema-instance" xsi:noNamespaceSchemaLocation="ingestion.xsd">
	<channel>
		<item>
			<action>add</action>
			<type>1</type>
			<userId>example</userId>
			<name>Home</name>
			<description>Homepage video with music</description>
			<tags>
				<tag>Homepage</tag>
				<tag>Creative</tag>
			</tags>
			<categories>
				<category>examples>example1</category>
				<category>examples>example2</category>
			</categories>
			<!-- <accessControlId>...</accessControlId> -->
			<!-- <conversionProfileId>...</conversionProfileId> -->
			<startDate>2011-09-01T09:00:00</startDate>
			<endDate>2012-09-01T09:00:00</endDate>
			<media>
				<mediaType>1</mediaType> 
			</media>
			<contentAssets>
				<content>
					<urlContentResource url="http://sites.google.com/site/demokmc/Home/KalturaSiteAlt.flv"/>
				</content>
			</contentAssets>
			<!-- <thumbnails>...</thumbnails> -->
			<!-- <scenes>..</scenes> -->
			<!-- <customDataItems>...</customDataItems>  -->
			<!-- <distribution>...</distribution>  -->
		</item>
		
		<item>
			<action>add</action>
			<type>1</type>
			<userId>example</userId>
			<name>Titanic in 5 Seconds</name>
			<description>Titanic movie summarized in 5 seconds</description>
			<tags>
				<tag>Titanic</tag>
				<tag>Short</tag>
			</tags>
			<categories>
				<category>examples>example1</category>
				<category>examples>example2</category>
			</categories>
			<!-- <accessControlId>...</accessControlId> -->
			<!-- <conversionProfileId>...</conversionProfileId> -->
			<startDate>2011-09-01T09:00:00</startDate>
			<endDate>2012-09-01T09:00:00</endDate>
			<media>
				<mediaType>1</mediaType> 
			</media>
			<contentAssets>
				<content>
					<urlContentResource url="http://sites.google.com/site/demokmc/Home/titanicin5seconds.flv"/>
				</content>
			</contentAssets>
			<!-- <thumbnails>...</thumbnails> -->
			<!-- <scenes>..</scenes> -->
			<!-- <customDataItems>...</customDataItems>  -->
			<!-- <distribution>...</distribution>  -->
		</item>
		
		<item>
			<action>add</action>
			<type>1</type>
			<userId>example</userId>
			<name>Big Buck Bunny Trailer</name>
			<description>A funny and furry 3D short about a giant rabbit who gets even with bullying rodents</description>
			<tags>
				<tag>Big buck bunny</tag>
				<tag>trailer</tag>
			</tags>
			<categories>
				<category>examples>example1</category>
				<category>examples>example2</category>
			</categories>
			<!-- <accessControlId>...</accessControlId> -->
			<!-- <conversionProfileId>...</conversionProfileId> -->
			<startDate>2011-09-01T09:00:00</startDate>
			<endDate>2012-09-01T09:00:00</endDate>
			<media>
				<mediaType>1</mediaType> 
			</media>
			<contentAssets>
				<content>
					<urlContentResource url="ftp://projects8:741@ftp.kaltura.com/BigBuckBunnyTrailerHD.mov"/>
				</content>
			</contentAssets>
			<!-- <thumbnails>...</thumbnails> -->
			<!-- <scenes>..</scenes> -->
			<!-- <customDataItems>...</customDataItems>  -->
			<!-- <distribution>...</distribution>  -->
		</item>
		
	</channel>
</mrss>